asig_codigo,asig_nombre
ADM1147,ADM1147 - FORMULACION Y EVALUACION DE PROYECTOS
AGR1147,AGR1147 - COMUNICACIÓN Y TRANSFERENCIA TECNOLÓGICA
AMB1148,AMB1148 - LIMNOLOGIA
CAU1119,CAU1119 - GESTION DE COSTOS
CNB1126,CNB1126 - DIDACTICA DE LA BIOLOGIA
CPLT1146,CPLT1146 - SISTEMAS POLÍTICOS
DDO1099,"DDO1099 - MUJERES, CUERPOS Y ESPIRITUALIDADES"
DDO1117,DDO1117 - CIUDADANÍA E IDENTIDAD DIGITAL
EDI1169,EDI1169 - MEDIACION Y AMBIENTES ACTIVO-MODIFICANTES
EDI1170,EDI1170 - PRACTICA IV ENSEÑANZA EN AULAS DIVERSAS
FRN1122,FRN1122 - QUIMICA GENERAL
GEO1174,GEO1174 - GEOLOGIA DE CHILE
ICA1104,ICA1104 - ADMINISTRACION Y RRHH
ICI1109,ICI1109 - HERRAMIENTAS DE INGENIERIA AMBIENTAL
ICO1128,ICO1128 - PRÁCTICA I
ICOC1146,ICOC1146 - TALLER DE ESTRUCTURAS
ICOC1172,ICOC1172 - HORMIGON ARMADO II
IET1446,IET1446 - REFLEXIÓN FILOSÓFICA EN LENGUAJE AUDIOVISUAL
IND1101,IND1101 - TERMODINÁMICA
IPR1116,IPR1116 - PRACTICA PROFESIONAL
IRNR1116,IRNR1116 - TALLER DE INGENIERIA DE RECURSOS NATURALES
KINE1108,KINE1108 - BASES NEUROLOGICAS DEL MOVIMIENTO II
KINE1116,KINE1116 - NEUROREHABILITACION I
MAT1132,MAT1132 - GEOMETRIA EUCLIDIANA II
MAT1135,MAT1135 - GEOMETRIA DEL ESPACIO Y VECTORIAL
MATE1103,MATE1103 - MATEMATICA APLICADA CIENCIAS DE LA SALUD
MATE1109,MATE1109 - CALCULO I
MVET1111,MVET1111 - EPIDEMIOLOGÍA
NUTR1129,NUTR1129 - PRÁCTICA PROFESIONAL II
PAH1109,PAH1109 - CULTURA Y VISUALIDAD
PBM1173,PBM1173 - ECOLOGIA Y MEDIO AMBIENTE PARA LA ENSEÑANZA
PCE1131,PCE1131 - POLÍTICAS EDUCATIVAS Y PROFESIÓN DOCENTE
PSIC1108,PSIC1108 - PSICOLOGIA SOCIAL
PSIC1130,PSIC1130 - PSICOLOGIA EDUCACIONAL
QUI1142,QUI1142 - QUÍMICA GENERAL
SCLG1903,"SCLG1903 - SOCIEDAD, GÉNERO Y POLÍTICA PÚBLICA"
TEMD1127,TEMD1127 - SEMINARIO DE GRADO
TEMD1129,TEMD1129 - DIAGNOSTICO INTEGRADO
TOCU1114,TOCU1114 - ARTE Y CORPORALIDAD
TSO1169,TSO1169 - DISEÑO DE INVESTIGACION CUANTITATIVA: TECNICAS Y ANALISIS
VET1160,VET1160 - METODOLOGIA DE LA INVESTIGACION
AGR0136,AGR0136 - FRUTALES DE HOJA CADUCA Y PERSISTENTE
ANT1134,ANT1134 - MAPUDUNGUN Y CULTURA MAPUCHE
CAMB1104,CAMB1104 - QUIMICA ORGANICA
DERE1118,DERE1118 - DERECHO PROCESAL III
EDI1148,EDI1148 - TALLER DIVERSIDAD Y DESARROLLO PROFESIONAL
FONO1105,FONO1105 - DESARROLLO DE LA COMUNICACION: FONETICA Y FONOLOGIA
ICO0147,ICO0147 - MICROECONOMIA II
INFO1139,INFO1139 - PROGRAMACION DE ROBOT
INFO1171,INFO1171 - TALLER DE INTEGRACION II
LAV1171,LAV1171 - MODULO IV: FIGURA HUMANA I
LEN1130,LEN1130 - INGLES COMUNICATIVO II
LEN1164,LEN1164 - FONETICA II
QFAR1107,QFAR1107 - QUIMICA II
TEMD1117,TEMD1117 - MICROBIOLOGIA GENERAL
TPF1131,TPF1131 - PREPARACION FISICA PARA DEPORTES COLECTIVOS E INDIVIDUALES
AGR1114,AGR1114 - GENÉTICA AGROPECUARIA
AGR1136,AGR1136 - PRODUCCIÓN HORTÍCOLA
AMB1118,AMB1118 - BIOGEOGRAFIA
AMB1181,AMB1181 - UNIDAD DE INVESTIGACION CIENTIFICA
ANT1135,ANT1135 - TALLER INVESTIGACION II
AQG1109,AQG1109 - REGISTRO Y CONSERVACION DE COLECCIONES
DDO1015,DDO1015 - SOCIEDAD Y MEDIO AMBIENTE
DDO1054,DDO1054 - PATRIMONIO CULTURAL EN LA ARAUCANIA. UN APORTE A LA ...
DERE1137,DERE1137 - DERECHO TRIBUTARIO II
DERE1147,DERE1147 - DERECHO DE LOS PUEBLOS INDÍGENAS.
DERE1149,DERE1149 - EXAMEN DE GRADO
EFI1161,EFI1161 - EDUCACION FISICA MOTRIZ Y CONTACTO CON EL MEDIO AMBIENTE
EFI1173,EFI1173 - TALLER CONEXIONES DIDACTICAS DISCIPLINARES II
EPA1197,EPA1197 - PROGRAMAS Y EXP EDUCATIVAS
FCRF1105,FCRF1105 - ECLESIOLOGÍA
FIS1141,FIS1141 - FISICA I
FONO1118,FONO1118 - EVALUACIÓN DEL EQUILIBRIO Y ELECTROFISIOLOGÍA DE LA AUDICIÓN
FONO1120,FONO1120 - INTERVENCIÓN DE LA COMUNICACIÓN EN NIÑOS Y ADOLESCENTES II
GEO1129,GEO1129 - GEOLOGIA HISTORICA
ICI1130,ICI1130 - PLANEAMIENTO Y CONTROL DE PRODUCCION II
ICO0150,ICO0150 - POLITICA ECONOMICA Y DESARROLLO LOCAL
ICO0156,ICO0156 - ECONOMETRÍA
IET1426,IET1426 - ¿ES RAZONABLE PENSAR A DIOS HOY?
IET1439,IET1439 - MEMORIA Y DERECHOS HUMANOS
INFO1120,INFO1120 - PROGRAMACION I
INFO1187,INFO1187 - TOPICOS AVANZADOS DE TECNOLOGÍA INFORMACIÓN II
LEN1171,LEN1171 - GRAMATICA EN CONTEXTO II
OFIC1108,OFIC1108 - MATERIA PRIMA Y TÉCNICAS PRIMARIAS
PAAV1107,PAAV1107 - DIDÁCTICA DE LOS LENGUAJES EXPRESIVOS VISUALES
PBI1124,PBI1124 - PRÁCTICA PEDAGÓGICA: PROCESO PEDAGÓGICO EN CONTEXTO INTERCULTURAL
PSIC1138,PSIC1138 - PSICOLOGIA POLITICA E INTERCULTURAL
SCLG1164,SCLG1164 - SOCIOLOGÍA ECONÓMICA
TEFL1171,TEFL1171 - DIDACTICA II
TEP1152,TEP1152 - CURRICULUM DE EDUCACIÓN PARVULARIA II
TOCU1122,TOCU1122 - INVESTIGACION EN TERAPIA OCUPACIONAL
TTU1141,TTU1141 - PRACTICA PROFESIONAL
VET1149,VET1149 - TERAPEUTICA IV
AMB1157,AMB1157 - GEOGRAFIA RURAL
ANT1142,ANT1142 - TEORIA Y PROBLEMAS ANTROPOLOGICOS II
APUB1148,APUB1148 - MONITOREO E IMPLEMENTACIÓN DE POLÍTICAS
CAMB1105,CAMB1105 - FUNDAMENTOS DE QUÍMICA
CCB1116,CCB1116 - FISIOLOGIA
DDO1100,DDO1100 - LACTANCIA MATERNA DESDE LA PERSPECTIVA DE GÉNERO
DERE1131,DERE1131 - DERECHO PROCESAL PENAL
DERE1138,DERE1138 - FILOSOFÍA DEL DERECHO
EFI1168,EFI1168 - ACTIVIDADES FISICAS EMERGENTES PARA LA SALUD Y LA MOTRICIDAD
FIL1104,FIL1104 - HISTORIA DE LA FILOSOFÍA MEDIEVAL
FONO1104,FONO1104 - PSICOLOGIA DEL CICLO VITAL
ICG1173,ICG1173 - GEOMORFOLOGIA
ICI1111,ICI1111 - ESTUDIO DEL TRABAJO
ICO1196,ICO1196 - CONTROL DE GESTIÓN
ICOC1147,ICOC1147 - EVALUACION DE PROYECTOS DE OBRAS CIVILES
ICQ1187,ICQ1187 - DISEÑO DE REACTORES HETEROGENEOS
IET1428,IET1428 - CINE Y SENTIDO
INGEL1108,INGEL1108 - ÁLGEBRA LINEAL
MATE1104,MATE1104 - BIOESTADISTICA
MATE1110,MATE1110 - ALGEBRA LINEAL
MVET1108,MVET1108 - FISIOLOGIA ANIMAL II
PLCM1111,PLCM1111 - ÜLKANTUN: CANTOS Y ROMANCEADAS
TEMD1102,TEMD1102 - HISTOLOGIA
TOCU1130,TOCU1130 - TRABAJO DE GRADO
TOCU1131,TOCU1131 - TERAPIA OCUPACIONAL INFANTO-JUVENIL
ADM1157,ADM1157 - ADMINISTRACIÓN DE RECURSOS HUMANOS
AMB1146,AMB1146 - FUNDAMENTOS DE ORDENAMIENTO TERRITORIAL
AMB1156,AMB1156 - DESARROLLO LOCAL Y REGIONAL
AMB1194,AMB1194 - BIOLOGIA DE VEGETALES ACUATICOS
CAU1116,CAU1116 - SISTEMAS DE INFORMACION ADMINISTRATIVOS II
CES1147,"CES1147 - SALUD FAMILIAR, COMUNITARIA E INTERCULTURAL II"
DDO1082,"DDO1082 - CREATIVIDAD, INNOVACIÓN Y EMPRENDIMIENTO"
DERE1911,DERE1911 - CONTRATACIÓN PÚBLICA
DERE1918,DERE1918 - DERECHO INMOBILIARIO
DOCG1102,DOCG1102 - DINÁMICA
DOCG1103,DOCG1103 - MECÁNICA DE FLUIDOS
EMH1203,EMH1203 - ECONOMIA Y SOCIEDAD
GEO1169,GEO1169 - VULCANOLOGIA
ICOC1126,ICOC1126 - INVESTIGACION DE OPERACIONES
ICOC1143,ICOC1143 - CONSTRUCCION EN ACERO
ICQ1185,ICQ1185 - INGENIERIA EN ALIMENTOS
IET1429,IET1429 - DILEMAS BIOETICOS EN LA SOCIEDAD CONTEMPORANEA
INGEL1109,INGEL1109 - CÁLCULO II
KINE1110,KINE1110 - ERGONOMIA
LEN1132,LEN1132 - INGLES TECNICO II
LEN1138,LEN1138 - COMUNICACION Y PRAGMATICA
LEN1154,LEN1154 - INGLES II
LEN1188,LEN1188 - INGLES IV
MATE1126,MATE1126 - CÁLCULO III
MVET1113,MVET1113 - PARASITOLOGÍA
NUTR1103,NUTR1103 - MICROBIOLOGIA Y PARASITOLOGIA
OCIV1104,OCIV1104 - INGENIERIA VIAL II
PMM1123,PMM1123 - DIDACTICA DE LOS NUMEROS
PSIC1131,PSIC1131 - SALUD MENTAL II
TOCU1120,TOCU1120 - SALUD MENTAL Y PSIQUIATRIA
TRAD1118,TRAD1118 - TEORÍA Y TÉCNICAS DE  TRADUCCIÓN II	
ADM1143,ADM1143 - TALLER GESTION DE MIPYMES
AGR1124,AGR1124 - DISEÑO DE SISTEMAS DE RIEGO Y DRENAJE
ANT1123,ANT1123 - SOCIEDADES Y CULTURAS DE CHILE
ARQ1149,ARQ1149 - TALLER III
BACH1107,BACH1107 - MATEMATICA FUNDAMENTAL II
CAU1147,CAU1147 - TRIBUTACION II
CPLT1141,CPLT1141 - RELACIONES INTERNACIONALES
DDO1012,DDO1012 - VIDA SALUDABLE
DERE1109,DERE1109 - DERECHO CONSTITUCIONAL I
EDI1156,EDI1156 - FAMILIA Y CONDICIONES DE EDUCABILIDAD
EDI1157,EDI1157 - PRACTICA II
EFI1146,EFI1146 - FISIOLOGIA DEL EJERCICIO FISICO Y EL ENTRENAMIENTO
EMH1186,EMH1186 - GEOGRAFIA DE AMERICA
EMH1187,EMH1187 - PROBLEMATICAS Y DESAFIOS DE LA CIUDADANIA ACTUAL
EPA1180,EPA1180 - LENGUAJES ARTISTICOS II MUSICA Y MOTRICIDAD
FIL1115,FIL1115 - METAFÍSICA
FIS1105,FIS1105 - FISICA
FONO1111,FONO1111 - RAZONAMIENTO CLINICO
GEO1147,GEO1147 - MAPEO GEOLOGICO
ICG1174,ICG1174 - PETROLOGIA
ICO1150,ICO1150 - POLITICA ECNOMICA Y DESARROLLO LOCAL
ICOC1144,ICOC1144 - PROGRAMACION Y CONTROL DE PROYECTOS
IET1447,IET1447 - HACIA UNA ECOLOGÍA INTEGRAL: LA PROPUESTA DEL PAPA FRANCISCO
LEN1139,LEN1139 - OBRAS FUNDACIONALES DE LA LITERATURA CHILENA Y LATINOAMERICANA
LEN1190,LEN1190 - INGLES APLICADO A LAS CIENCIAS DE LA SALUD
MAT1114,MAT1114 - CALCULO I
MAT1149,MAT1149 - ESTADISTICA DESCRIPTIVA APLICADA
NUTR1110,NUTR1110 - QUIMICA Y CONTROL DE LOS ALIMENTOS
PBM1169,PBM1169 - PRACTICA II
PBM1182,PBM1182 - PRACTICA VI INTEGRACIÓN DISCIPLINARIA
SCLG1166,SCLG1166 - TEORÍA SOCIOLÓGICA CONTEMPORANEA
TADM1111,TADM1111 - GESTIÓN TECNOLÓGICA II
TOCU1132,TOCU1132 - TERAPIA OCUPACION EN ADULTOS
TPF1139,TPF1139 - PREPARACION FISICA PARA ALTO RENDIMIENTO
AGR1110,AGR1110 - TALLER DE VINCULACIÓN PROFESIONAL
AGR1115,AGR1115 - EDAFOLOGÍA AGRÍCOLA
ARQ1165,ARQ1165 - INSTALACIONES Y SISTEMAS
BIO1149,BIO1149 - BIOLOGÍA CELULAR
CONS1105,CONS1105 - TECNOLOGÍA DE LOS MATERIALES
CPLT1159,CPLT1159 - TÓPICOS DE RR.II.
DDO1011,DDO1011 - DERECHOS HUMANOS Y SOCIEDAD
DERE1121,DERE1121 - DERECHO COMERCIAL I
DISE1101,DISE1101 - TALLER DE DISEÑO 1
DISE1102,DISE1102 - PENSAMIENTO CRÍTICO Y CREATIVO
EDI1168,EDI1168 - TALLER JUEGO Y EXPRESION PARA EL APRENDIZAJE
EMH1169,EMH1169 - HISTORIA MEDIEVAL
EPA1181,EPA1181 - HABILIDADES COMUNICATIVAS EN EL PARVULO
GEOG1106,GEOG1106 - TALLER DE PLANIFICACION TERRITORIAL
ICO1147,ICO1147 - MICROECONOMIA II
MATE1112,MATE1112 - PROBABILIDADES Y ESTADISTICAS
MATE1119,MATE1119 - PROBABILIDAD Y ESTADÍSTICA	
NUTR1125,NUTR1125 - TRABAJO DE GRADO
PAH1107,PAH1107 - SOCIEDAD Y CULTURA
PBI1142,PBI1142 - CIUDADANÍAS Y CIUDADANÍA MAPUNCHE
PRPA1110,PRPA1110 - PROFESOR (A) DE RELIGIÓN Y SU MINISTERIO II
QFAR1102,QFAR1102 - QUÍMICA I
SCLG1156,SCLG1156 - PROCESOS POLITICOS Y SOCIALES: MODERNIDAD
TADM1108,TADM1108 - COSTOS PARA LA TOMA DE DECISIONES
TEFL1170,TEFL1170 - CONVIVENCIA ESCOLAR
TTG1108,TTG1108 - DIBUJO TOPOGRAFICO I
AMB1111,AMB1111 - FLORA Y VEGETACION DE CHILE
AMB1121,AMB1121 - GEOLOGIA Y GEOMORFOLOGIA
AMB1176,AMB1176 - ECOLOGIA
APUB1141,APUB1141 - CONTABILIDAD GENERAL
AQG1124,AQG1124 - SEMINARIO TEMATICO II
ARQ1151,ARQ1151 - FORMAS SISMORESISTENTE
ARQ1167,ARQ1167 - ECOSISTEMA TERRITORIAL RURAL Y URBANO
CNB1108,CNB1108 - TIERRA Y UNIVERSO
DDO1008,DDO1008 - COMPETENCIA EMPRENDEDORA
EFI1169,EFI1169 - ACTIVIDADES DE AVENTURA EN CONTEXTOS NATURALES
EPA1171,EPA1171 - GESTION EDUCATIVA
FIL1138,FIL1138 - PRACTICA EN SABERES FILOSOFICOS
ICI1124,ICI1124 - ESTUDIOS DE MERCADO
ICO1139,ICO1139 - MARKETING II
IET1424,IET1424 - APORTES DE LA MORAL CRISTIANA FRENTE A LAS PROBLEMÁTICAS ACTUALES
IET1427,IET1427 - LA AVENTURA DEL PENSAMIENTO
IRNR1101,IRNR1101 - ECOLOGIA Y DINAMICA DEL BOSQUE NATIVO
LAV1172,LAV1172 - ARTE LATINOAMERICANO
LEN1169,LEN1169 - LINGUISTICA APLICADA
MATE1123,MATE1123 - ALGEBRA LINEAL
MVET1109,MVET1109 - PATOLOGIA GENERAL
OCIV1102,OCIV1102 - ANALISIS DE ESTRUCTURAS I
PBI1126,PBI1126 - WIÑOKINTUGEN RUPAWMA ZUGU
PSIC1106,PSIC1106 - TEORIAS Y SISTEMAS PSICOLOGICOS
TEMD1116,TEMD1116 - DIAGNOSTICO PARASITOLOGICO
TEMD1119,TEMD1119 - HEMATOLOGIA CLINICA
TEP1142,TEP1142 - CUIDADO Y SALUD DEL PÁRVULO. (SERVICIO SOCIOCOMUNITARIO)
TRAD1133,TRAD1133 - METODOLOGÍA DE INVESTIGACIÓN EN TRADUCCIÓN	
TSO1189,TSO1189 - TALLER DE PRACTICA Y SISTEMATIZACION PROFESIONAL IV
TUPA1122,TUPA1122 - MÉTODOS Y MANEJO DE RIEGO
ADM1132,ADM1132 - MACROECONOMIA
AGR1920,AGR1920 - PRODUCCIÓN Y TECNOLOGÍA DE SEMILLAS
APUB1146,APUB1146 - MODERNIZACIÓN DEL ESTADO
ARQ1140,ARQ1140 - TALLER I
ARQ1143,ARQ1143 - FILOSOFANDO CON LA HISTORIA
CNB1139,CNB1139 - INTERNADO PEDAGOGICO II
DDO1071,DDO1071 - HABLEMOS DEL OTRO CHILE: POBREZA Y DESIGUALDAD
DERE1140,DERE1140 - DERECHO PROCESAL DE FAMILIA.
DERE1143,"DERE1143 - NEGOCIACIÓN, MEDIACIÓN Y ARBITRAJE"
DERE1912,DERE1912 - PROPIEDAD INTELECTUAL
EMHG1107,EMHG1107 - CONEXIONES DIDACTICO DISCIPLINARES
FCJ1135,FCJ1135 - LITIGACION ORAL
FCRF1420,FCRF1420 - LA MUJER EN LA BIBLIA
GEOG1112,GEOG1112 - TALLER DE PROYECTOS GEOGRAFICOS II
ICA1117,ICA1117 - NORMALIZACION Y CERTIFICACION AMBIENTAL
ICA1125,ICA1125 - RESOLUCION DE CONFLICTOS
ICG1172,ICG1172 - GEOLOGIA ESTRUCTURAL
ICI1107,ICI1107 - GESTION DE LA CALIDAD
ICOC1129,ICOC1129 - COSTOS Y PRESUPUESTOS
IET1431,IET1431 - ETICA PROFESIONAL
IET1441,IET1441 - BIBLIA Y JUSTICIA SOCIAL
IET1450,IET1450 - BIBLIA COMO CULTURA Y LITERATURA
INFO1158,INFO1158 - TEORÍA DE GRAFOS
INFO1186,INFO1186 - TOPICOS AVANZADOS DE TECNOLOGÍA INFORMACIÓN I
INGEL1110,INGEL1110 - FISICA I
KINE1128,KINE1128 - TRABAJO DE GRADO
LEN1705,LEN1705 - INGLÉS TÉCNICO
MAT1147,MAT1147 - MATEMATICA APLICADA II
MAT1193,MAT1193 - ALGEBRA LINEAL
MATE1113,MATE1113 - CALCULO III
MVET1905,MVET1905 - FAUNA SILVESTRE DE CHILE
NUTR1105,NUTR1105 - HISTOLOGIA
PBI1113,PBI1113 - PRÁCTICA PEDAGÓGICA: DESARROLLO PROFESIONAL DOCENTE EN CONTEXTO INTERCULTURAL
PBM1108,PBM1108 - PENSAMIENTO HISTORICO PARA EL APRENDIZAJE LAS CULTURAS DE LA HUMANIDAD
PLC1104,PLC1104 - PRACTICA INICIAL: DIAGNOSTICO PEDAGOGICO INTERMEDIO
PLC1105,PLC1105 - COMPRENSION Y PRODUCCION PARA EL APRENDIZAJE DE TEXTOS AUTENTICOS CON ENFASIS EN EL RESUMEN Y LA SINTESIS
PSIC1109,PSIC1109 - PROCESOS NEUROPSICOLOGICOS I
SCLG1154,SCLG1154 - INTRODUCCION A LOS METODOS DE INVESTIGACION
TRAD1108,TRAD1108 - LENGUA Y CULTURA INGLESA II	
TRAD1109,TRAD1109 - FONÉTICA INGLESA II
TTG1124,TTG1124 - GESTION DE PROYECTOS TOPOGRAFICOS
ADM1138,ADM1138 - CONTABILIDAD IV
AGR1125,AGR1125 - ESTADÍSTICA APLICADA A LA AGRONOMÍA
AMB1130,AMB1130 - GEOGRAFÍA ECONÓMICA
ANT1147,ANT1147 - INVESTIGACION AUDIOVISUAL
ANT1158,ANT1158 - ANTROPOLOGIA LATINOAMERICANA
ANT1161,ANT1161 - TALLER DE TITULACION
AQG1107,AQG1107 - TEORIA ARQUEOLOGICA II
AQG1118,AQG1118 - DISEÑO Y GESTION DE PROYECTOS DE INVESTIGACION
AQG1125,AQG1125 - TRABAJO DE TITULO II
ARQ1157,ARQ1157 - TECTÓNICA Y CIENCIAS DE LOS MATERIALES
CEA1140,CEA1140 - MACROECONOMÍA
CONS1108,CONS1108 - TECNOLOGÍA DEL HORMIGÓN
CPLT1136,CPLT1136 - HISTORIA DE LAS IDEAS POLÍTICAS
DERE1117,DERE1117 - DERECHO CIVIL II
EPA1187,EPA1187 - FORMACION CIUDADANA EN EL PARVULO
FCRF1421,FCRF1421 - LA PREGUNTA POR EL SENTIDO DE LA VIDA FRENTE A LA POSTMODERNIDAD
FIL1144,FIL1144 - LATIN I
FIS1112,FIS1112 - MECANICA PARA GEOLOGIA
FIS1114,FIS1114 - BIOFISICA APLICADA AL MOVIMIENTO
GEO1168,GEO1168 - PRACTICA INICIAL
GEOG1113,GEOG1113 - TRABAJO DE TITULO
ICI1126,ICI1126 - PLANEAMIENTO Y CONTROL DE PRODUCCION I
ICO1901,ICO1901 - INNOVACIÓN Y TRANSFERENCIA TECNOLÓGICA
ICQ1182,ICQ1182 - PROYECTO DE TITULO II
INGEL1103,INGEL1103 - CÁLCULO I
LEN1112,LEN1112 - TEORIA LITERARIA
LEN1148,LEN1148 - LITERATURA CHILENA Y LATINOAMERICANA MODERNA Y CONTEMPORANEA
MATE1115,MATE1115 - CALCULO NUMERICO
OFIC1106,OFIC1106 - PROCESO CREATIVO 2
PBM1188,PBM1188 - CONSTRUCCION DEL CONOCIMIENTO GRAMATICAL
PCE1122,PCE1122 - SEMINARIO
PSIC1127,PSIC1127 - INVESTIGACION CUANTITATIVA
PSIC1137,PSIC1137 - SEMINARIO DE INVESTIGACION
SCLG1165,SCLG1165 - SOCIOLOGÍA URBANA Y RURAL
TOCU1113,TOCU1113 - TRAUMATOLOGIA
TSO1168,"TSO1168 - TRABAJO SOCIAL, PUEBLO MAPUCHE Y PRAXIS INTERCULTURAL"
TUPA1118,TUPA1118 - PRODUCCIÓN ANIMAL II
TUPA1120,TUPA1120 - FORMULACIÓN Y EVALUACIÓN DE PROYECTOS
VET1150,VET1150 - ENTIDADES PATOLOGICAS VI
ADM1142,ADM1142 - ADMINISTRACION FINANCIERA II
AGR1128,AGR1128 - MANEJO SISTEMAS PRATENSES
AMB1126,AMB1126 - GENÉTICA DE LA CONSERVACIÓN
CNB1107,CNB1107 - QUIMICA ORGANISMO Y ENTORNO
CPLT1147,CPLT1147 - OPINIÓN PÚBLICA Y ELECCIONES
CPLT1148,CPLT1148 - FORMULACIÓN DE POLÍTICAS PÚBLICAS
DDO1052,DDO1052 - DIVERSIDAD SOCIOCULTURAL Y CREACIÓN LITERARIA
DDO1080,DDO1080 - SALUD Y ENFERMEDAD DESDE MAPUCHE KIMÜN
DERE1142,DERE1142 - DERECHO LABORAL II
DISE1124,DISE1124 - TALLER  DE DISEÑO 6
DISE1133,DISE1133 - DESARROLLO DE PROYECTOS
FONO1119,FONO1119 - INTERVENCIÓN DE LA COMUNICACIÓN EN ADULTOS Y ADULTO MAYOR II
ICA1108,ICA1108 - BIOQUIMICA Y MICROBIOLOGIA INDUSTRIAL
ICI1123,ICI1123 - METODOS DE EVALUACION ECONOMICA
ICO1127,ICO1127 - EMPRENDIMIENTO SOCIAL Y RSE
ICO1199,ICO1199 - SUSTENTABILIDAD Y DESARROLLO EMPRENDEDOR TERRITORIAL
ICOC1173,ICOC1173 - TALLER DE HIDRAULICA
IET1423,"IET1423 - PERSONA, COMUNIÓN Y SERVICIO"
INFO1164,INFO1164 - PRÁCTICA INICIAL
IRNR1111,IRNR1111 - RESTAURACION ECOLOGICA
IRNR1115,IRNR1115 - PROYECTO DE TITULO
LEN1110,LEN1110 - GRAMATICA ESPAÑOLA
LEN1163,LEN1163 - COMPETENCIA LINGUISTICA INICIAL II
LEN1170,LEN1170 - COMPETENCIA LINGÜÍSTICA INTERMEDIA II
PBI1135,"PBI1135 - DATOS, PROBABILIDADES Y SU DIDÁCTICA"
TEMD1126,TEMD1126 - DIAGNOSTICO MICROBIOLOGICO
TOC1138,TOC1138 - TRABAJO DE GRADO
TRA1156,TRA1156 - TRABAJO DE TITULO
TSO1186,TSO1186 - SEMINARIO DE SUJETOS Y PROCESOS SOCIALES
VET1125,"VET1125 - PRODUCCION INTENSIVA AVES, CERDOS, PECES"
ADM1141,ADM1141 - MARKETING
AGR0137,AGR0137 - DISEÑO DE SISTEMAS DE RIEGO Y DRENAJE
AMB1138,AMB1138 - HIDROLOGIA
AQG1119,AQG1119 - GESTION DEL PATRIMONIO ARQUEOLOGICO
DDO1055,DDO1055 - MANIFESTACIONES DE LA ESPIRITUALIDAD EN LA ARAUCANIA. UNA..
DDO1116,DDO1116 - MAPUZUGUN: INICIACIÓN EN LA LENGUA MAPUCHE
EDI1155,EDI1155 - APRENDIZAJE Y DISCAPACIDAD
EMH1200,EMH1200 - HISTORIA ANTIGUA I
EPA1186,EPA1186 - LENGUAJES ARTISTICOS INTEGRADOS
FCJ1148,FCJ1148 - DERECHO INTERNACIONAL PRIVADO
FIL1148,FIL1148 - LATIN III
FIS1111,FIS1111 - FISICA II
GEO1132,GEO1132 - MINERALOGIA I
ICG1125,ICG1125 - VOLCANOLOGIA
ICG1166,ICG1166 - GEOLOGIA GENERAL
ICI1108,ICI1108 - LOGISTICA
ICI1128,ICI1128 - SISTEMAS DE NORMALIZACION Y CERTIFICACION
ICO1156,ICO1156 - ECONOMETRÍA
ICOC1145,ICOC1145 - INGENIERIA ECONOMICA
ICQ1149,ICQ1149 - LABORATORIO DE PROCESOS II
INFO1166,INFO1166 - TALLER DE INTEGRACIÓN III
MAT1156,MAT1156 - TOPICOS DE CALCULO AVANZADO
MAT1192,MAT1192 - CÁLCULO I
MATE1111,MATE1111 - CALCULO II
MATE1117,MATE1117 - ECUACIONES DIFERENCIALES
NUTR1126,NUTR1126 - DIETOTERAPIA MATERNO INFANTIL
PBI1141,PBI1141 - INTERNADO PEDAGÓGICO EN CONTEXTO INTERCULTURAL BILINGÜE
PBM1181,PBM1181 - PENSAMIENTO HISTORICO PARA EL APRENDIZAJE COMPRENSION DE LA HISTORIA DE CHILE Y AMERICA PARA SU ENSEÑANZA
PLCM1114,PLCM1114 - KONELTU ZUGUN: DIDÁCTICA DE LA INMERSIÓN
QFAR1108,QFAR1108 - BIOFISICA
TEP1149,TEP1149 - JUEGO COMO EXPRESIÓN DE APRENDIZAJE
TRAD1129,TRAD1129 - TRADUCCIÓN CIENCIAS SOCIALES Y HUMANIDADES II
ACU1148,ACU1148 - PRODUCCION DE MOLUSCOS
AGR0138,AGR0138 - PRODUCCIÓN DE CARNE
AGR1138,AGR1138 - FRUTALES DE HOJA CADUCA Y PERSISTENTE
AMB1137,AMB1137 - MÉTODOS CUALITATIVOS DE INVESTIGACIÓN GEOGRAFICA
ANT1124,ANT1124 - PREHISTORIA AMERICANA
ANT1144,ANT1144 - PATRIMONIO CULTURAL Y GESTION
APUB1157,APUB1157 - EVALUACIÓN DE POLÍTICAS PÚBLICAS
CAMB1101,CAMB1101 - QUIMICA GENERAL
DDO1023,DDO1023 - ARTESANIA TRADICIONAL MAPUCHE
DDO1104,DDO1104 - YOGATERAPIA
DERE1128,DERE1128 - DERECHO CIVIL IV
DERE1139,DERE1139 - DERECHO CIVIL VII
DISE1106,DISE1106 - TALLER  DE DISEÑO 2
DISE1132,DISE1132 - TALLER DE GRADO
DISI1161,DISI1161 - INVESTIGACIÓN E INDUSTRIA
EFI1159,EFI1159 - PRACTICA EDUCACION BASICA
FCRF1118,FCRF1118 - REFLEXIÓN ÉTICA DE LA ENFERMEDAD Y EL DESAFÍO DE LA HUMANIZACIÓN EN SALUD.
GEOG1107,GEOG1107 - SEMINARIO DE INVESTIGACION
ICG1168,ICG1168 - SIG
ICI1116,ICI1116 - COSTOS Y PRESUPUESTOS INDUSTRIALES
ICO1138,ICO1138 - MERCADOS FINANCIEROS E INVERSIONES
ICO1170,ICO1170 - PRACTICA II
IND1113,IND1113 - INVESTIGACIÓN DE OPERACIONES I
INFO1128,INFO1128 - INTERFACES DE GRAFICA DE USUARIOS
INGEL1107,INGEL1107 - HERRAMIENTAS DE COMUNICACIÓN Y AUTOAPRENDIZAJE
KINE1107,KINE1107 - BASES BIOMECANICAS DEL MOVIMIENTO Y FUNCION II
KINE1126,KINE1126 - GERONTOLOGIA II
LEN1137,LEN1137 - SOCIOLINGUISTICA
LEN1147,LEN1147 - ADQUISICION Y DESARROLLO DEL LENGUAJE
LEN1199,LEN1199 - EXPRESIÓN ORAL Y ESCRITA
MAT1113,MAT1113 - ALGEBRA LINEAL
MAT1191,MAT1191 - ALGEBRA
MATE1108,MATE1108 - ALGEBRA
MATE1120,MATE1120 - ESTADÍSTICA I
PBM1171,PBM1171 - APRENDIZAJE DE LA PRACTICA LECTORA
PMM1122,PMM1122 - PRACTICA I
PSIC1107,PSIC1107 - CICLO VITAL I
PSIC1145,PSIC1145 - PSICOLOGIA Y PROCESOS SOCIO-POLITICOS EN LATINOAMERICA
TTG1125,TTG1125 - ORDENAMIENTO TERRITORIAL
ACU1150,ACU1150 - GESTION AMBIENTAL DE LA ACUICULTURA
AGRO1166,AGRO1166 - PRODUCCION DE RUMIANTES MENORES
ANT1145,ANT1145 - ANTROPOLOGIA APLICADA
ARQ1205,"ARQ1205 - OBSERVACIÓN, PROBLEMATIZACIÓN Y FUNDAMENTO DEL PROCESO CREATIVO"
CNB1154,CNB1154 - CONEXIONES DIDACTICO DISCIPLINARES II
DERE1107,DERE1107 - DERECHO ROMANO II
EDI1174,EDI1174 - DISCAPACIDAD Y CALIDAD DE VIDA
EMH1177,EMH1177 - PRACTICA II
EPA1193,EPA1193 - DIDACTICA DE CIENCIAS NATURALES
FIL1114,FIL1114 - LECTURA DE TEXTOS CONTEMPORÁNEOS
FIL1131,FIL1131 - ÉTICA
GEO1146,GEO1146 - MINERALOGIA II
ICG1159,ICG1159 - ANALISIS DE ESTRUCTURAS
ICG1162,ICG1162 - SEMINARIO DE TITULACION
ICG1167,ICG1167 - MINERALOGIA
ICI1117,ICI1117 - PROCESOS UNITARIOS II
ICO1164,ICO1164 - PRACTICA
ICO1197,ICO1197 - MARKETING RELACIONAL
IET1433,IET1433 - ÉTICA PROFESIONAL
INFO1148,INFO1148 - TEORIA DE LA COMPUTACION
INGEL1111,INGEL1111 - INTRODUCCIÓN A LA TEORÍA DE SISTEMAS
KINE1109,KINE1109 - BASES DE LA FUNCION CARDIORESPIRATORIA Y METABOLICA II
MAT1185,MAT1185 - ALGEBRA PARA LA COMPUTACION
MAT1196,MAT1196 - ESTADÍSTICA II
NUTR1116,NUTR1116 - GESTIÓN Y ADMINISTRACIÓN EN NUTRICIÓN
PCE1120,PCE1120 - DISEÑO Y ADAPTACIÓN CURRICULAR
PSIC1125,PSIC1125 - TALLER DE DESARROLLO PERSONAL Y PROFESIONAL II
PSIC1142,PSIC1142 - PRACTICA PROFESIONAL I
TADM1113,TADM1113 - ADMINISTRACIÓN FINANCIERA
TRAD1110,TRAD1110 - DOCUMENTACIÓN Y TRADUCCIÓN
AMB1147,AMB1147 - FISICOQUIMICA AMBIENTAL
AMB1192,AMB1192 - MANEJO DE CUENCAS
APUB1145,APUB1145 - DIRECCIÓN Y PLANIFICACIÓN REGIONAL
DDO1070,DDO1070 - INCLUSION SOCIOLABORAL: DERRIBANDO BARRERAS
DDO1098,DDO1098 - GÉNERO Y MASCULINIDADES: DEBATES CONTEMPORÁNEOS
EDI1180,EDI1180 - TALLER CONEXIONES DISCIPLINARIAS Y PEDAGOGICAS PARA LA INCLUSION
EMH1179,EMH1179 - CONSOLIDACION Y EXPANSION DE LOS ESTADOS LATINOAMERICANOS
FCRF1109,FCRF1109 - ANTROPOLOGÍA TEOLÓGICA
FCRF1117,"FCRF1117 - AFECTIVIDAD, SEXUALIDAD Y GÉNERO"
FIL1123,FIL1123 - FILOSOFÍA DE LA HISTORIA
FIL1149,FIL1149 - GRIEGO III
FIS1149,FIS1149 - FÍSICA I
FRN1112,FRN1112 - TECNICAS DE MUESTREO EN RRNN
ICG1146,ICG1146 - PRACTICA PROFESIONAL
ICOC1164,ICOC1164 - DISEÑO ESTRUCTURAL
IET1418,IET1418 - EL FENOMENO RELIGIOSO EN LA ARAUCANIA
IND1112,IND1112 - DERECHO LABORAL Y AMBIENTAL
INFO1185,INFO1185 - INTELIGENCIA ARTIFICIAL
KIN1151,KIN1151 - KINESIOTERAPIA CARDIO-RESPIRATORIA II
KINE1117,KINE1117 - REHABILITACION CARDIOMETABOLICA Y RESPIRATORIA I
KINE1125,KINE1125 - AGENTES FISICOS Y TECNOLOGIAS EN REHABILITACION
LAV1163,LAV1163 - FUNDAMENTOS DEL ARTE EN LA MODERNIDAD
LEN1118,LEN1118 - INGLES II
NUT1123,NUT1123 - PRACTICA PROFESIONAL II
OCIV1106,OCIV1106 - ANALISIS DE ESTRUCTURAS II
OCIV1108,OCIV1108 - HIDROLOGIA
PSIC1119,PSIC1119 - PSICOPATOLOGIA INFANTO-JUVENIL
PSIC1128,PSIC1128 - PSICOLOGIA COMUNITARIA
PSIC1129,PSIC1129 - PSICOLOGIA CLINICA
SCLG1155,SCLG1155 - EPISTEMOLOGIA DE LAS CIENCIAS SOCIALES
TEMD1122,TEMD1122 - DIAGNOSTICO HEMATOLOGICO
TEP1158,TEP1158 - CONSTRUCCIÓN DEL PENSAMIENTO CIENTÍFICO Y CIENCIAS NATURALES
TOCU1116,TOCU1116 - ENFOQUE COMUNITARIO
TOCU1133,TOCU1133 - TERAPIA OCUPACIONAL EN PERSONAS MAYORES
TRT1159,TRT1159 - FUNDAMENTOS DE CLOUD Y VIRTUALIZACIÓN
TSO1177,TSO1177 - TRABAJO SOCIAL Y COMUNIDADES III
TSO1179,TSO1179 - ORGANIZACIONES Y MUNDO DEL TRABAJO
VET1127,VET1127 - SALUD PUBLICA VETERINARIA II
ADM1104,ADM1104 - CONTABILIDAD II
AGRO1173,AGRO1173 - TRABAJO DE TITULACION
AMB1108,AMB1108 - REPRESENTACION DEL ESPACIO GEOGRAFICO
AMB1179,AMB1179 - GENETICA GENERAL
ARQ1160,ARQ1160 - TALLER V
ARQ1164,ARQ1164 - TALLER DE EJERCITACION I
ARQ1166,ARQ1166 - PRACTICA DE OBRA
CAU1177,CAU1177 - GESTION DE RIESGOS
DDO1112,DDO1112 - PROFESIONALES EN FORMACIÓN SOSTENIBLE
DISE1117,DISE1117 - METODOLOGÍA DE INVESTIGACIÓN
EMH1168,EMH1168 - PRACTICA I
FIL1145,FIL1145 - GRIEGO I
FRN1116,FRN1116 - ZOOLOGIA
GEO1167,GEO1167 - RECURSOS MINERALES INDUSTRIALES
ICAM1135,ICAM1135 - TERMODINÁMICA II
ICG1165,ICG1165 - TOPOGRAFIA
ICI1132,ICI1132 - GESTION ESTRATEGICA Y DE LA INFORMACION
IET1445,IET1445 - ¿QUIÉN ES JESÚS? SU PERSONA Y SU MENSAJE
IET1452,IET1452 - MÚSICA Y TEOLOGÍA
KINE1118,KINE1118 - EVALUACION DEL MOVIMIENTO Y LA FUNCION II
LEN1125,LEN1125 - FONETICA Y FONOLOGIA
MAT1188,MAT1188 - CALCULO INTERMEDIO
NUTR1112,NUTR1112 - EVALUACION DEL ESTADO NUTRICIONAL
PBM1111,PBM1111 - APRENDIZAJE Y ENSEÑANZA DE DATOS Y AZAR
PCE1117,PCE1117 - EVALUACION Y RETROALIMENTACION PARA EL APRENDIZAJE
SCLG1171,SCLG1171 - TALLER DE INVESTIGACIÓN APLICADA
TEP1156,TEP1156 - TALLER INTEGRADO II
TPF1129,TPF1129 - TEORIA DEL ENTRENAMIENTO I
ADM1151,ADM1151 - EVALUACION DE PROYECTOS
AMB1195,AMB1195 - ECOLOGIA ACUATICA
ANT1143,ANT1143 - ANTROPOLOGIA ECONOMICA
ANT1160,ANT1160 - ANTROPOLOGIA JURIDICA
AQG1111,AQG1111 - METODOS Y TECNICAS DE LABORATORIO I
ARQ1144,ARQ1144 - TALLER II
ARQ1145,ARQ1145 - LENGUAJE DE ARQUITECTURA II
ARQ1174,ARQ1174 - TALLER DE EJERCITACIÓN III
DDO1077,DDO1077 - MAPUCHE GEN-SER HUMANO MAPUCHE
DDO1093,DDO1093 - INGENIERÍA DE LAS CONVERSACIONES
DERE1915,DERE1915 - TRAMITACIÓN ANTE JUZGADO DE POLICÍA LOCAL
DISI1164,DISI1164 - TALLER DE TÍTULO II
EDI1181,EDI1181 - TALLER EMPLEABILIDAD
EPA1161,EPA1161 - TALLER PEDAGOGICO II
EPA1194,EPA1194 - FAMILIA Y SU INTEGRACION
FCRF1102,FCRF1102 - ANTROPOLOGÍA CRISTIANA
FCRF1103,FCRF1103 - ANTIGUO TESTAMENTO
FIL1122,FIL1122 - PENSAMIENTO ECONÓMICO
FONO1103,FONO1103 - NEUROANATOMIA
GEO1183,GEO1183 - PROYECTO DE TITULO
ICAM1132,ICAM1132 - TRANSFERENCIA DE CALOR
ICAM1134,ICAM1134 - RESISTENCIA DE LOS MATERIALES
ICO1117,ICO1117 - GESTIÓN TECNOLÓGICA II
ICQ1160,ICQ1160 - CINETICA Y DISEÑO DE REACTORES QUIMICOS
IET1451,"IET1451 - FE, PENSAMIENTO Y CIENCIA: UNA PROPUESTA DE DIALOGO"
IET1454,IET1454 - CUERPO EN MOVIMIENTO Y TEOLOGÍA
IND1102,IND1102 - QUÍMICA INDUSTRIAL
IND1111,"IND1111 - INDUSTRIA, SOCIEDAD  E INTERCULTURALIDAD"
IRNR1117,IRNR1117 - TRABAJO DE TITULO
KINE1103,KINE1103 - PSICOLOGIA DEL CICLO VITAL
LEN1105,LEN1105 - INGLES COMERCIAL II
LEN1195,LEN1195 - INGLÉS II
MATE1105,MATE1105 - INTRODUCCIÓN AL ALGEBRA
MATE1118,MATE1118 - CALCULO NUMERICO
MVET1112,MVET1112 - CONTEXTO SOCIAL PARA LAS CIENCIAS VETERINARIAS
NUTR1111,NUTR1111 - FISIOPATOLOGIA
PAAV1110,PAAV1110 - INTERNADO PEDAGÓGICO
PLCM1112,PLCM1112 - AZMAPU: ORGANIZACIÓN DE LA VIDA Y DEL TERRITORIO
PMM1160,PMM1160 - CONEXIONES DIDÁCTICAS Y DISCIPLINARIAS II
QFAR1106,QFAR1106 - MATEMATICAS II
TADM1109,TADM1109 - MATEMÁTICAS FINANCIERAS
TEMD1132,TEMD1132 - PRACTICA PROFESIONAL
TOCU1104,TOCU1104 - ANATOMIA FUNCIONAL II
TPF1128,TPF1128 - ANATOMIA FUNCIONAL
TRAD1122,TRAD1122 - ESPAÑOL: ANÁLISIS DE TEXTOS	
TRAD1143,TRAD1143 - SEMINARIO DE GRADO II	
TSO1156,TSO1156 - TRABAJO SOCIAL Y PENSAMIENTO LATINOAMERICANO
ADM1146,ADM1146 - CONTROL DE GESTION ESTRATEGICO
AGR1113,AGR1113 - FISIOLOGÍA VEGETAL
AGR1137,AGR1137 - CULTIVOS INDUSTRIALES
BACH1108,BACH1108 - LENGUAJES Y ESTETICAS
CAU1166,CAU1166 - TRIBUTACION III
DERE1129,DERE1129 - DERECHO CIVIL V
DERE1148,DERE1148 - DERECHO AMBIENTAL
EMH1198,EMH1198 - ENSEÑANZA PARA LA FORMACIÓN CIUDADANA
EMH1201,EMH1201 - PUEBLOS ORIGINARIOS DE AMERICA
EPA1198,EPA1198 - EVALUACION INTEGRADA I
FIS1115,FIS1115 - FISICA ELECTRICA
FRN1121,FRN1121 - TIG Y CARTOGRAFIA
ICO1116,ICO1116 - PLAN DE NEGOCIOS  EMPRENDEDOR
ICO1126,ICO1126 - MACROECONOMÍA I
ICO1195,ICO1195 - PRÁCTICA II
IND1109,IND1109 - MACRO ECONOMÍA
INFO1157,INFO1157 - SISTEMAS INTELIGENTES
INGEL1104,INGEL1104 - QUÍMICA GENERAL
LAV1183,LAV1183 - INVESTIGACION ARTISTICA II
MAT1194,MAT1194 - CÁLCULO II
PBM1172,PBM1172 - APRENDIZAJE Y ENSEÑANZA DE LA GEOMETRIA
PBM1184,PBM1184 - COMPRESION DE LA BIOLOGIA HUMANA Y SALUD
PSIC1140,PSIC1140 - PSICOTERAPIA ADULTO Y ADULTO MAYOR
QFAR1101,QFAR1101 - MATEMATICAS I
QUI1113,QUI1113 - BIOQUÍMICA GENERAL
QUI1143,QUI1143 - PROCESOS BIOQUÍMICOS
QUI1149,QUI1149 - QUÍMICA GENERAL
SCLG1105,SCLG1105 - TEORIA SOCIOLOGICA CLASICA
TEMD1114,TEMD1114 - BIOQUIMICA CLINICA I
TEP1151,TEP1151 - POLÍTICAS DE INFANCIA Y GESTIÓN COMUNITARIA (SERVICIO SOCIOCOMUNITARIO)
TOCU1121,TOCU1121 - ORTESIS I
TPF1132,TPF1132 - NUTRICION Y BIOENERGETICA
TRT1157,TRT1157 - SEGURIDAD DE REDES Y SERVICIOS
TSO1171,TSO1171 - SISTEMATIZACION EN TRABAJO SOCIAL
ACU1149,ACU1149 - MANEJO DE POSTCOSECHA
ADM1155,ADM1155 - CONTABILIDAD DE COSTOS
AGR1139,AGR1139 - CEREALES
AGR1921,AGR1921 - TECNOLOGÍA Y MANEJO DE LA REPRODUCCIÓN ANIMAL
AMB1154,AMB1154 - ECOLOGIA DE PAISAJES
ANT1136,ANT1136 - APLICACIONES INFORMATICAS A LA INVESTIGACION SOCIAL
ANT1159,ANT1159 - POLITICAS PUBLICAS Y GESTION DE PROYECTOS
ANT1165,ANT1165 - SEMINARIO II
APUB1140,APUB1140 - DERECHO ADMINISTRATIVO II
ARQ1175,ARQ1175 - PRACTICA LABORAL
CAU1149,CAU1149 - PRACTICA I
CPLT1150,CPLT1150 - POLÍTICA EXTERIOR
DDO1026,DDO1026 - ANTE LA POBREZA ¿DONDE ESTA DIOS?
DDO1074,DDO1074 - GLOBALIZACIÓN Y DIVERSIDADES
DDO1102,DDO1102 - ARQUEOLOGÍA EN CLAVE DE GÉNERO
DERE1108,DERE1108 - DERECHO PROCESAL I
DERE1151,DERE1151 - EVALUACIÓN DE CICLO INTERMEDIO
DISE1118,DISE1118 - REPRESENTACIÓN DIGITAL 2
EMHG1101,EMHG1101 - HISTORIA REGIONAL Y RELACIONES INTERCULTURALES
FIL1106,FIL1106 - LÓGICA Y ARGUMENTACIÓN
GEO1150,GEO1150 - QUIMICA EN CONTEXTO
GEO1165,GEO1165 - SEDIMENTOLOGIA
GEOG1111,GEOG1111 - PROYECTO DE TITULO
ICA1106,ICA1106 - OPERACIONES UNITARIAS
ICG1175,ICG1175 - LEGISLACION Y LICITACION DE OBRAS
ICG1199,ICG1199 - RESISTENCIA DE LOS MATERIALES
ICO0154,ICO0154 - INVESTIGACIÓN DE MERCADOS
ICO1173,ICO1173 - PROYECTO DE TITULO
INFO1116,INFO1116 - MANTENCION Y ADMINISTRACION DE SISTEMAS
LEN1146,LEN1146 - MODOS DE ORGANIZACION DEL DISCURSO
LEN1193,LEN1193 - INGLÉS APLICADO A LA AGRONOMÍA II
MAT1109,MAT1109 - INTRODUCCION AL CALCULO
MAT1139,MAT1139 - MATEMATICA APLICADA I
MAT1198,MAT1198 - MATEMATICAS PARA LAS CIENCIAS SOCIALES II
MVET1906,MVET1906 - APICULTURA
NUTR1104,NUTR1104 - PSICOLOGÍA EN SALUD Y ALIMENTACIÓN
NUTR1109,NUTR1109 - PLANIFICACION Y TECNICAS DIETETICAS II
NUTR1117,NUTR1117 - BASES DE LA INVESTIGACIÓN EN NUTRICIÓN Y ALIMENTACIÓN
PCE1119,PCE1119 - FACTORES COGNITIVOS Y SOCIOAFECTIVOS DEL APRENDIZAJE
PCI1118,PCI1118 - TALLER DE PROGRAMACION
PMM1125,PMM1125 - EVALUACION EN MATEMATICAS
PSIC1126,PSIC1126 - PRACTICA I: INTERVENCION PSICOSOCIAL
SCLG1110,SCLG1110 - SOCIOLOGIA DE SISTEMAS
SCLG1159,SCLG1159 - MÉTODOS CUALITATIVOS DE INVESTIGACIÓN
SCLG1160,SCLG1160 - PROCESOS POLÍTICOS Y SOCIALES: CHILE
TADM1120,TADM1120 - COMERCIO ELECTRÓNICO
TEMD1110,TEMD1110 - BASES DEL LABORATORIO CLINICO
TRAD1117,TRAD1117 - TRADUCCIÓN GENERAL II
TRAD1130,TRAD1130 - TRADUCCIÓN CIENCIAS Y TECNOLOGÍAS II
TSO1193,TSO1193 - TRABAJO DE TITULO II
TTG1126,TTG1126 - PRACTICA PROFESIONAL
TUPA1121,TUPA1121 - CONSTRUCCIONES AGROPECUARIAS
AGR1140,AGR1140 - PROYECTO DE GRADO
AGR1144,AGR1144 - TALLER DE INTEGRACIÓN PROFESIONAL
AGR1150,AGR1150 - PROYECTOS AGROPECUARIOS
ANT1133,ANT1133 - ANTROPOLOGÍA DE LA MEMORIA
APUB1134,APUB1134 - TEORIA DE LA ADMINISTRACION II
APUB1152,APUB1152 - EVALUACIÓN DE PROGRAMAS Y PROYECTOS PÚBLICOS
ARQ1178,ARQ1178 - TITULO 1
CES1145,CES1145 - SALUD PUBLICA
DDO1007,DDO1007 - CONOCERME Y COMUNICARME
DDO1040,DDO1040 - FILOSOFIA INTERCULTURAL: CIUDADANIA Y RECONOCIMIENTO
FCRF1441,FCRF1441 - EL FENOMENO RELIGIOSO EN LA SOCIEDAD CONTEMPORANEA
FONO1127,FONO1127 - TECNOLOGÍAS Y TELEPRÁCTICA EN FONOAUDIOLOGÍA
FONO1129,FONO1129 - TRABAJO DE GRADO
GEO1185,GEO1185 - TELEDETECCION
ICAM1130,ICAM1130 - BALANCE DE MATERIA
ICO1192,ICO1192 - ESTRATEGIA DE EMPRESAS
ICOC1127,ICOC1127 - MECANICA DE SUELOS II
ICOC1150,ICOC1150 - PROYECTO DE TITULO
INGEL1102,INGEL1102 - ÁLGEBRA
IRNR1109,IRNR1109 - AREAS SILVESTRES PROTEGIDAS
KINE1115,KINE1115 - KINESIOTERAPIA EN LA ACTIVIDAD FISICA Y DEL DEPORTE
LAV1182,LAV1182 - GESTION DE PROYECTOS
MAT1154,MAT1154 - FUNDAMENTO DE LAS MATEMATICAS
MVET1104,MVET1104 - FUNDAMENTOS DE ETOLOGÍA Y BIENESTAR ANIMAL
MVET1120,MVET1120 - FISIOPATOLOGÍA II
MVET1124,MVET1124 - MEDICINA DE EQUINOS
OCIV1105,OCIV1105 - MECANICA DE SUELOS
OCIV1107,OCIV1107 - HIDRAULICA
PAAV1109,PAAV1109 - DIDÁCTICA DE LA APRECIACIÓN E HISTORIA DEL ARTE
PLC1109,PLC1109 - COMPRENSION Y PRODUCCION PARA EL APRENDIZAJE DE TEXTOS AUTENTICOS CON ENFASIS EN EL JUICIO CRITICO Y VALORATIVO
PRPA1107,PRPA1107 - IDENTIDAD DEL/LA PROFESOR (A) DE RELIGIÓN II
PSIC1118,PSIC1118 - PSICOPATOLOGIA ADULTO Y ADULTO MAYOR
QUI1147,QUI1147 - ANALISIS QUIMICO E INSTRUMENTAL
TEFL1167,TEFL1167 - PRACTICA I
TEMD1118,TEMD1118 - BIOQUIMICA CLINICA II
TRAD1132,TRAD1132 - GRAMÁTICA INGLESA III	
TRT1155,TRT1155 - IMPLEMENTACIÓN DE REDES CONVERGENTES
AGR1117,AGR1117 - NUTRICIÓN ANIMAL
AMB1155,AMB1155 - GEOGRAFIA DE AREAS COSTERAS
APUB1155,APUB1155 - GESTIÓN PÚBLICA INTERCULTURAL
ARQ1142,ARQ1142 - CIENCIAS DE LA ARQUITECTURA
ARQ1146,ARQ1146 - DISEÑO ESTRUCTURAL
CNB1105,CNB1105 - PRACTICA ENSEÑANZA APRENDIZAJE DE LA QUIMICA
DDO1081,DDO1081 - EL ARTE MAPUCHE COMO EXPRESIÓN DE REFERENCIA IDENTITARIA
DDO1096,DDO1096 - AUTOCONOCIMIENTO Y CONCIENCIA PLENA
DDO1119,DDO1119 - INTELIGENCIA ARTIFICIAL Y DIVERSIDAD: CREANDO SOLUCIONES INCLUSIVAS
DERE1917,DERE1917 - DERECHO CANÓNICO
DERE1920,DERE1920 - RESPONSABILIDAD PENAL JUVENIL
DISE1112,DISE1112 - TALLER  DE DISEÑO 3
DISE1125,DISE1125 - DISEÑO DE SERVICIOS Y EXPERIENCIAS
EMH1178,EMH1178 - HISTORIA MUNDIAL CONTEMPORANEA I
FCRF1122,FCRF1122 - HISTORIA DE LA IGLESIA
GEO1127,GEO1127 - GEOLOGIA GENERAL
ICA1118,ICA1118 - PROYECTO DE TITULO I
ICI1129,ICI1129 - FORMULACION Y EVALUACION DE PROYECTOS INDUSTRIALES
ICO0158,ICO0158 - SEMINARIO DE GRADO
ICOC1163,ICOC1163 - INGENIERIA SISMORRESISTENTE
IET1419,IET1419 - SEXUALIDAD E IDENTIDAD PERSONAL
INFO1123,INFO1123 - PROGRAMACION II
ING1101,ING1101 - CONOCIENDO LA INGENIERÍA
LEN1111,LEN1111 - LITERATURA UNIVERSAL MODERNA
LEN1186,LEN1186 - INGLES II
MAT1162,MAT1162 - TERMODINAMICA
MAT1164,MAT1164 - HISTORIA DE LAS MATEMATICAS
MVET1103,MVET1103 - ZOOTECNIA
MVET1128,MVET1128 - TECNOLOGÍA DE LOS ALIMENTOS E INOCUIDAD ALIMENTARIA
PBM1110,PBM1110 - LITERATURA INFANTIL Y JUVENIL
PBM1187,PBM1187 - CONSTRUCCION Y CONOCIMIENTO DE LOS NUMEROS
PSIC1144,PSIC1144 - PRACTICA PROFESIONAL II
TADM1122,TADM1122 - EMPRENDIMIENTO SOCIAL Y RSE. (A+S)
TCOC1140,TCOC1140 - LEGISLACIÓN Y EVALUACIÓN DE PROYECTOS
TEFL1175,TEFL1175 - DIDACTICA IV
TOCU1106,TOCU1106 - OCUPACION EN EL CICLO VITAL
TRAD1107,TRAD1107 - TEORÍA Y TÉCNICAS DE TRADUCCIÓN I	
TRAD1142,TRAD1142 - LENGUA Y CULTURA INGLESA  VIII	
TSO1167,TSO1167 - TRABAJO SOCIAL Y FAMILIAS I
VET1151,VET1151 - SEMIOLOGIA CLINICA APLICADA
ADM1153,ADM1153 - GESTION DE RECURSOS HUMANOS
AGR1129,AGR1129 - ECONOMÍA AGRÍCOLA
AGR1141,AGR1141 - PRODUCCIÓN DE LECHE
AMB1175,AMB1175 - FISIOLOGIA HUMANA
AMB1197,AMB1197 - TERRENO INTEGRADO Y PRACTICA DIRIGIDA II
APUB1147,APUB1147 - ECONOMÍA DEL SECTOR PÚBLICO
AQG1108,AQG1108 - ARQUEOLOGIA CENTRO Y CENTRO SUR
AQG1110,AQG1110 - GEOGRAFIA FISICA REGIONAL
ARQ1141,ARQ1141 - LENGUAJE DE ARQUITECTURA I
CAU1167,CAU1167 - AUDITORIA DE ESTADOS FINANCIEROS
CCB1115,CCB1115 - ANATOMIA HUMANA
CNB1156,CNB1156 - TALLER NEUROCIENCIAS
CONS1104,CONS1104 - REPRESENTACIÓN GRÁFICA II
CONS1109,CONS1109 - RESISTENCIA DE MATERIALES
DERE1136,DERE1136 - DERECHO LABORAL I
DERE1921,DERE1921 - PROTECCIÓN DE LOS TRABAJADORES: ACCIDENTES DEL TRABAJO Y ENFERMEDADES PROFESIONALES
EDI1167,EDI1167 - HERRAMIENTAS DE ACCESO PARA EL APRENDIZAJE Y LAS MATEMATICA II
FIS1148,FIS1148 - FISICA II
ICA1123,ICA1123 - GESTION AMBIENTAL APLICADA
ICA1127,ICA1127 - INGENIERIA ECONOMICA
ICAM1105,ICAM1105 - CONTAMINACIÓN AMBIENTAL Y SOSTENIBILIDAD
ICO1157,ICO1157 - LEGISLACIÓN COMERCIAL
ICOC1168,ICOC1168 - FUNDACIONES
IET1412,"IET1412 - PROYECTO CRISTIANO, LA VIDA"
INFO1173,INFO1173 - TALLER DE INTEGRACION IV
MAT1137,MAT1137 - ESTRUCTURAS ALGEBRAICAS
MAT1155,MAT1155 - ESTADISTICA
MVET1122,MVET1122 - PRODUCCIÓN BOVINA
NUTR1127,NUTR1127 - NUTRICIÓN Y ACTIVIDAD FÍSICA
PMM1127,PMM1127 - DIDACTICA DEL ALGEBRA
PMM1153,PMM1153 - PRACTICA III
TADM1121,TADM1121 - PREPARACIÓN Y EVALUACIÓN DE PROYECTOS
TCOC1141,TCOC1141 - OBRAS VIALES
TRAD1121,TRAD1121 - TECNOLOGÍA  Y TRADUCCIÓN	
TRAD1140,TRAD1140 - TRADUCCIÓN CIENCIAS SOCIALES Y HUMANIDADES IV
TRT1158,TRT1158 - REDES WAN
AGR1151,AGR1151 - BIOQUÍMICA
AMB1180,AMB1180 - EVOLUCION
AMB1198,AMB1198 - TERRENO INTEGRADO Y PRACTICA DIRIGIDA II
ANT1132,ANT1132 - SOCIEDAD Y CULTURA MAPUCHE
ANT1146,ANT1146 - TALLER ESCRITURA CIENTIFICA
APUB1154,APUB1154 - RENDICIÓN DE CUENTAS Y ACCESO A LA INFORMACIÓN
AQG1117,AQG1117 - ARQUEOLOGIA APLICADA
DDO1014,DDO1014 - ONOMASTICA INDIGENA DE CHILE
DDO1095,DDO1095 - ESTRATEGIAS PARA EL MANEJO DE LA ANSIEDAD
DDO1118,DDO1118 - PENSAMIENTO COMPUTACIONAL Y PROGRAMACIÓN PARA EL BUEN VIVIR
DERE1120,DERE1120 - DERECHO PENAL II
EFI1160,EFI1160 - EVALUACIÓN Y PLANIFICACIÓN PARA EL DESARROLLO DE LAS CAPACIDADES FÍSICAS
GEO1166,GEO1166 - GEOMORFOLOGIA
ICG1124,ICG1124 - INGENIERIA SISMORRESISTENTE
ICOC1170,ICOC1170 - HORMIGON ARMADO I
ICQ1142,ICQ1142 - TRANSFERENCIA DE MASA
ICQ1184,ICQ1184 - INGENIERIA EN ENERGIAS
IRNR1110,IRNR1110 - SISTEMAS PRODUCTIVOS
LAV1165,LAV1165 - SERIGRAFIA
LAV1175,LAV1175 - GRABADO METAL
LEN1174,LEN1174 - COMPETENCIA LINGÜÍSTICA INTERMEDIA AVANZADA II
LEN1175,LEN1175 - ENSEÑANZA Y APRENDIZAJE DE LA LITERATURA Y CULTURA I
LEN1183,LEN1183 - INGLÉS II
MVET1123,MVET1123 - SEMIOTECNIA (A+S)
MVET1145,MVET1145 - HISTOLOGIA
NUTR1118,NUTR1118 - EDUCACIÓN ALIMENTARIA Y NUTRICIONAL
PBI1125,"PBI1125 - PATRONES, ÁLGEBRA Y SU DIDÁCTICA"
PLCM1113,PLCM1113 - AWKANTUN: JUEGOS Y ACTIVIDADES CORPORALES
PMM1157,PMM1157 - CURSO DE PROFUNDIZACIÓN EN EDUCACIÓN MATEMÁTICA
PMM1158,PMM1158 - REC. TECNOLÓGICOS AVANZADOS PARA LA ENS. DE LA MAT.
PSIC1139,PSIC1139 - PSICOLOGIA DE LAS ORGANIZACIONES II
TADM1118,TADM1118 - CONTROL DE GESTIÓN
TCOC1138,TCOC1138 - ELECTRICIDAD Y GAS
TEFL1176,TEFL1176 - PRACTICA V
TEMD1103,TEMD1103 - QUIMICA DEL CARBONO Y ORGANIZACIONES
TEP1148,TEP1148 - EXPRESIÓN MUSICAL INFANTIL I
TEP1157,TEP1157 - TRABAJO PEDAGÓGICO EN CONTEXTOS DIVERSOS
TOCU1105,TOCU1105 - NEUROCIENCIAS
TOCU1115,TOCU1115 - CIENCIA DE LA OCUPACION
TOCU1123,TOCU1123 - OCUPACION EN CONTEXTOS DE EXCLUSION SOCIAL
TOCU1135,TOCU1135 - PRACTICA PROFESIONAL II
TSO1159,TSO1159 - FUNDAMENTOS DE LA INVESTIGACION PARA EL TRABAJO
ADM1158,ADM1158 - NEGOCIO Y EMPRENDIMIENTO PARA LAS CIENCIAS VETERINARIAS
ADM1159,ADM1159 - ECONOMIA PARA INGENIEROS
AGR1116,AGR1116 - TALLER DE VINCULACIÓN AL MUNDO RURAL
AMB1170,AMB1170 - GEOGRAFIA HUMANA Y TERRITORIO
ARQ1147,"ARQ1147 - ARQUITECTURAS CLÁSICAS, OLVIDADAS Y ANÓNIMAS I"
ARQ1150,ARQ1150 - LENGUAJE DE ARQUITECTURA III
ARQ1169,ARQ1169 - TALLER DE EJERCITACIÓN II
CAU1179,CAU1179 - PRACTICA PROFESIONAL
CPLT1158,CPLT1158 - CONFLICTO Y NEGOCIACIÓN
DDO1043,DDO1043 - LA MUSICA Y EL TEATRO: HERRAMIENTAS PARA COMPRENDER UN MUNDO
DDO1066,DDO1066 - CONVERSEMOS DE LA VIDA MAPUCHE
DDO1113,DDO1113 - EXPLORACIONES URBANAS: TERRITORIO SUSTENTABLE
DDO1121,DDO1121 - CONOCIMIENTO Y DESARROLLO LOCAL MEDIANTE EL USO DE TECNOLOGÍA CON DRONES
DER1132,DER1132 - LEGISLACION DE EMPRESA II
DERE1150,DERE1150 - EVALUACIÓN DE CICLO INICIAL
DERE1913,DERE1913 - DESAFÍOS DE LA PROTECCIÓN DE DATOS PERSONALES
DISE1108,DISE1108 - HISTORIA DEL ARTE Y DISEÑO
EDI1184,EDI1184 - CURRÍCULUM Y BARRERAS PARA EL APRENDIZAJE Y LA PARTICIPACIÓN II
EMHG1106,EMHG1106 - PROYECTO DE FORMACIÓN CIUDADANA APLICADO AL AULA
FCRF1106,FCRF1106 - NUEVO TESTAMENTO
ICG1126,ICG1126 - GEOLOGIA AMBIENTAL
ICI1127,ICI1127 - TALLER DE INTEGRACION
ICO0194,ICO0194 - DERECHO TRIBUTARIO Y LABORAL
ICOC1148,ICOC1148 - SEMINARIO DE TITULACION
IET1413,IET1413 - SENTIDO DE VIDA Y DIGNIDAD HUMANA
INFO1122,INFO1122 - INTRODUCCION A LOS SISTEMAS DE BASE DE DATOS
MAT1108,MAT1108 - ALGEBRA
MAT1133,MAT1133 - ALGEBRA CLASICA
MAT1195,MAT1195 - ESTADÍSTICA I
MATE1124,MATE1124 - CÁLCULO II
PBI1122,"PBI1122 - CIENCIAS DE LA TIERRA, UNIVERSO Y SU DIDÁCTICA"
PLCM1109,PLCM1109 - EPU KON MAPUNZUGUN
TEFL1166,TEFL1166 - PROCESOS CURRICULARES INGLES
TEMD1111,TEMD1111 - GENETICA GENERAL
TRA1168,TRA1168 - TALLERES DE TRADUCCION IV: AREAS CS. Y TECNOLOGIAS
TSO1158,TSO1158 - TRABAJO SOCIAL Y SALUD MENTAL
TSO1170,TSO1170 - EVALUACION DE PROYECTOS DE ACCION SOCIAL PROFESIONAL
VET1155,VET1155 - INTERNADO II
AGR1127,AGR1127 - FITOPATOLOGÍA
ANT1125,ANT1125 - INTRODUCCIÓN AL TRABAJO CIENTÍFICO
ANT1126,ANT1126 - EPISTEMOLOGIA
ARQ1171,ARQ1171 - LABORATORIO DE ARQUITECTURA
BIO1148,BIO1148 - INTRODUCCIÓN A LA BIOLOGÍA
CNB1155,CNB1155 - TALLER EDUCACION AMBIENTAL
CPLT1149,CPLT1149 - TEORÍA POLÍTICA CONTEMPORÁNEA
DDO1004,DDO1004 - PARTICIPACION CIUDADANA
DDO1109,DDO1109 - SOCIEDADES AMIGABLES PARA PERSONAS MAYORES
DDO1110,DDO1110 - LENGUA DE SEÑAS CHILENA
DERE1132,DERE1132 - DERECHO COMERCIAL III
EFI1147,EFI1147 - BASES NEUROMOTORAS Y ANALISIS BIOMECANICO
EFI1162,EFI1162 - DIDACTICA DE LOS DEPORTES INDIVIDUALES II
FIL1105,FIL1105 - LECTURAS DE AUTORES MEDIEVALES
FONO1110,FONO1110 - FISICA ACUSTICA
FONO1132,FONO1132 - COMPETENCIAS LABORALES DEL FONOAUDIÓLOGO
ICAM1106,ICAM1106 - LEGISLACIÓN AMBIENTAL
ICO0137,ICO0137 - IMPLEMENTACIÓN DE PROYECTOS DE EMPRENDIMIENTO
ICO1112,ICO1112 - FUNDAMENTOS DE ECONOMIA POSITIVA
ICO1149,ICO1149 - MACROECONOMIA II
ICQ1143,ICQ1143 - TALLER DE INTEGRACION
IET1420,IET1420 - LA EDUCACIÓN EMOCIONAL COMO PROPUESTA DE VIDA CRISTIANA
INFO1190,INFO1190 - TALLER DE PREPARACIÓN PARA VIDA LABORAL
INFO1197,INFO1197 - TRABAJO DE TÍTULO
IRNR1108,IRNR1108 - EDUCACION E INTERPRETACION AMBIENTAL
KINE1102,KINE1102 - HISTOEMBIOLOGIA
LEN1703,LEN1703 - INGLES III
MVET1110,MVET1110 - NUTRICIÓN Y ALIMENTACIÓN
PAAV1108,PAAV1108 - SEMINARIO EDUCATIVO EN ARTES VISUALES
PBM1109,PBM1109 - PRACTICA IV
PLC1122,PLC1122 - PRACTICA AVANZADA: REFLEXION DEL QUEHACER PEDAGOGICO
PLC1161,PLC1161 - COMPRENSION Y PRODUCCION PARA EL APRENDIZAJE DE TEXTOS AUTENTICOS NIVEL I
PSIC1136,PSIC1136 - PRACTICA II: PSICODIAGNOSTICO
QFAR1109,QFAR1109 - FISIOLOGÍA Y PATOLOGÍA I
TEMD1104,TEMD1104 - COMUNICACION EN SALUD
TEP1150,TEP1150 -  INCLUSIÓN Y NECESIDADES EDUCATIVAS ESPECIALES
TOCU1107,TOCU1107 - FILOSOFIA DE LA CIENCIA
TRAD1144,TRAD1144 - REVISIÓN Y EDICIÓN DE TEXTOS II
TSO1138,TSO1138 - SEMINARIO DE INVESTIGACION SOCIAL II
TSO1178,TSO1178 - TRABAJO SOCIAL Y FAMILIAS III
TSO1180,TSO1180 - INVESTIGACION ACCION PARTICIPATIVA
TUPA1113,TUPA1113 - APICULTURA
ADM1102,ADM1102 - CONTABILIDAD I
AGR1148,AGR1148 - AGRICULTURA DE PRECISIÓN
AMB1172,AMB1172 - FISIOLOGIA VEGETAL
APUB1122,APUB1122 - DESARROLLO REGIONAL Y LOCAL
ARQ1156,ARQ1156 - LENGUAJE DE ARQUITECTURA IV
CAMB1102,CAMB1102 - BIOLOGIA CELULAR
CAU1181,CAU1181 - OPTATIVO DE ESPECIALIDAD II: CASOS DE APLICACIÓN EN CONTEXTO PROFESIONAL
CNB1106,CNB1106 - DIDACTICA DE LA QUIMICA
DDO1006,DDO1006 - AMOR Y JUVENTUD
DDO1024,DDO1024 - LA CULTURA MAPUCHE Y SU LENGUA
DDO1097,DDO1097 - INTRODUCCIÓN A LAS TEORÍAS Y ESTUDIOS DE GÉNERO
DDO1101,"DDO1101 - CORPORALIDAD, EXPRESIÓN Y EQUIDAD DE GÉNERO"
DISE1107,DISE1107 - SISTEMAS SUSTENTABLES
DISE1111,DISE1111 - OPTATIVO OFICIOS 1
DISE1116,DISE1116 - TALLER  DE DISEÑO 4
DISG1164,DISG1164 - TALLER DE TITULO II
DISG1165,DISG1165 - FORMULACIÓN Y EVALUACIÓN DE PROYECTO
EDI1154,EDI1154 - DISEÑO DE LA ENSEÑANZA
EDI1175,EDI1175 - GESTION COMUNITARIA PARA EL APRENDIZAJE Y LA PARTICIPACION II
EFI1174,EFI1174 - PRESCRIPCIÓN Y PROMOCIÓN DEL EJERCICIO FÍSICO Y SALUD PARA LA CALIDAD DE VIDA
EPA1185,EPA1185 - DIDACTICA DE LAS MATEMATICAS
EPA1188,EPA1188 - CORPORALIDAD Y MOVIMIENTO
GEO1148,GEO1148 - GEOQUIMICA
GEO1164,GEO1164 - PETROLOGIA IGNEA Y METAMORFICA
GEO1175,GEO1175 - GEOLOGIA AMBIENTAL
GEO1187,GEO1187 - GEOFISICA APLICADA
GEOG1105,GEOG1105 - FORMULACION Y EVALUACION DE PROYECTOS GEOGRAFICOS
ICAM1102,ICAM1102 - ECOLOGIA Y RRNN
ICG1198,ICG1198 - TERMODINAMICA
ICO1151,ICO1151 - ECONOMIA INTERNACIONAL Y COMERCIO EXTERIOR
ICOC1151,ICOC1151 - LEGISLACION
ICQ1183,ICQ1183 - INGENIERIA AMBIENTAL
INFO1188,INFO1188 - TOPICOS AVANZADOS DE DESARROLLO DE SOFTWARE I
LAV1187,LAV1187 - PRODUCCION VISUAL II
LEN1116,LEN1116 - INGLES
LEN1127,LEN1127 - LITERATURA ESPAÑOLA CLASICA
LEN1179,LEN1179 - EXAMENES INTERNACIONALES
MAT1126,MAT1126 - CALCULO II
NUTR1124,NUTR1124 - ATENCIÓN NUTRICIONAL EN EL CICLO VITAL
TEMD1130,TEMD1130 - DIAGNOSTICO MOLECULAR
TPF1138,TPF1138 - EMPRENDIMIENTO Y GESTION DE PROYECTO DEPORTIVO
TRA1123,TRA1123 - INGLES DE ESPECIALIDAD I
TRAD1119,TRAD1119 - LENGUA Y CULTURA INGLESA IV	
TRAD1120,TRAD1120 - GRAMÁTICA INGLESA II	
TRAD1131,TRAD1131 - LENGUA Y CULTURA INGLESA  VI	
AMB1127,AMB1127 - FAUNA SILVESTRE DE CHILE
AMB1128,AMB1128 - ANÁLISIS ESPACIAL
AMB1189,AMB1189 - CARTOGRAFIA Y APLICACIONES SIG PARA LA PLANIFICACION TURISTICA
APUB1135,APUB1135 - BASES CONSTITUCIONALES
AQG1120,AQG1120 - TALLER DE TITULACION
BACH1109,BACH1109 - TALLER DE GESTION PERSONAL Y ORIENTACION VOCACIONAL II
CES1150,CES1150 - MODULO INTEGRADO DE SALUD II
CNB1129,"CNB1129 - PRACTICA EN CONTEXTOS DIVERSOS: ATENCION A LA  DIVERSIDAD, GESTION Y ORIENTACION"
CPLT1135,CPLT1135 - POLÍTICA COMPARADA
DOCG1101,DOCG1101 - ESTÁTICA
EDI1150,EDI1150 - EDUCACION INCLUSIVA
EFI1154,EFI1154 - EXPRESION CUERPO Y EDUCACION MOTRIZ
EFI1156,EFI1156 - BIOENERGETICA DEL MOVIMIENTO HUMANO Y SALUD
FCRF1108,FCRF1108 - ECUMENISMO Y DIALOGO INTERRELIGIOSO
FIL1113,FIL1113 - HISTORIA DE LA FILOSOFÍA CONTEMPORÁNEA
FIS1102,FIS1102 - FISICA
FRN1120,FRN1120 - QUIMICA ORGANICA
GEO1176,GEO1176 - MODELACION Y GESTION DEL RIESGO
ICA1115,ICA1115 - CALIDAD DEL AIRE Y CONTAMINACION ATM
ICA1116,ICA1116 - CALIDAD Y TRATAMIENTO DE AGUAS
ICAM1104,ICAM1104 - MICROBIOLOGÍA AMBIENTAL
ICG1155,ICG1155 - INGENIERIA GEOTECNICA
ICI1106,ICI1106 - PROCESOS UNITARIOS I
IET1442,IET1442 - EL EVANGELIO COMO CAMINO DE SANACIÓN Y LIBERACIÓN
LAV1186,LAV1186 - PROYECTO DE GRADO II
LEN1176,LEN1176 - COMPETENCIA LINGÜÍSTICA  AVANZADA I
MAT1184,MAT1184 - TOPICOS DE MATEMATICAS PARA LA PROGRAMACION
MATE1114,MATE1114 - ECUACIONES DIFERENCIALES
NUT1122,NUT1122 - TRABAJO DE GRADO
NUTR1115,NUTR1115 - DIETOTERAPIA DEL ADULTO Y ADULTO MAYOR I
PCE1105,PCE1105 - TIC PARA EL APRENDIZAJE
PCE1118,PCE1118 - POLÍTICAS PÚBLICAS Y ESCENARIOS EDUCATIVOS
PSIC1116,PSIC1116 - EVALUACION PSICOLOGICA
QUI1145,QUI1145 - QUIMICA GENERAL
SCLG1116,SCLG1116 - ANALISIS AVANZADO DE DATOS CUALITATIVOS
TADM1117,TADM1117 - ESTADÍSTICA
TADM1119,TADM1119 - PLANIFICACIÓN ESTRATÉGICA
TOCU1136,TOCU1136 - PREPARACION PARA EL TRABAJO
TPF1130,TPF1130 - MEDICINA DEPORTIVA
TPF1133,TPF1133 - BIOMECANICA DEL MOVIMIENTO
TSO1160,TSO1160 - TALLER DE APROXIMACION A LA REALIDAD
ADM1139,ADM1139 - MICROECONOMIA
APUB1153,APUB1153 - SEMINARIO
CAU1178,CAU1178 - SEMINARIO DE TITULO: CONSULTORIA DE EMPRESA
DDO1089,"DDO1089 - DIVERSIDAD, AUTOCUIDADO Y VIDA SALUDABLE, LAS CAPACIDADES DE NUESTROS CUERPOS"
DDO1122,DDO1122 - PARTICIPACIÓN CIUDADANA A TRAVÉS DEL APRENDIZAJE SERVICIO
DERE1111,DERE1111 - INVESTIGACIÓN JURÍDICA
DERE1133,DERE1133 - DERECHO TRIBUTARIO I
DISE1109,DISE1109 - REPRESENTACIÓN DIGITAL 1
DISG1163,DISG1163 - TALLER DE TÍTULO I
EFI1172,EFI1172 - INTERNADO II
FCRF1111,FCRF1111 - ESPIRITUALIDAD Y DISCERNIMIENTO
FCRF1114,FCRF1114 - TEOLOGÍA PASTORAL EN CONTEXTO EDUCATIVO
FCRF1115,FCRF1115 - MORAL DE LA PERSONA Y DE LA VIDA
FIL1107,FIL1107 - ANTROPOLOGÍA FILOSÓFICA
FIS1142,FIS1142 - FISICA II
ICA1107,ICA1107 - TRANSFERENCIA DE CALOR
ICA1121,ICA1121 - ECONOMIA AMBIENTAL
ICQ1179,ICQ1179 - SINTESIS DE PROCESOS
IET1414,IET1414 - DESARROLLO INTEGRAL: DESDE LA PERSONA AL PROFESIONAL
IRNR1112,IRNR1112 - SEMINARIO DE INVESTIGACION
LAV1181,LAV1181 - TALLER SUPERIOR
MAT1136,MAT1136 - CALCULO DIFERENCIAL E INTEGRAL
MAT1190,MAT1190 - ECUACIONES DIFERENCIALES
MVET1102,MVET1102 - ANATOMÍA ANIMAL I
MVET1129,MVET1129 - MEDICINA DE RUMIANTES
MVET1131,MVET1131 - CIRUGÍA I
OCIV1101,OCIV1101 - INGENIERIA VIAL I
PBI1123,PBI1123 - KIM KIMELTUAL MAPUNZUGUN KIÑE MELI XOY MEW
PBM1189,PBM1189 - PRACTICA PROFESIONAL DE INTERNADO PEDAGOGICO
PLC1108,PLC1108 - PRACTICA INTERMEDIA: INTERVENCION PEDAGOGICA ANALITICA
PLCM1110,PLCM1110 - EPU KON GÜXAMKAN
PSIC1117,PSIC1117 - CICLO VITAL III
PSIC1121,PSIC1121 - FUNDAMENTOS DE LA INVESTIGACION
TCOC1137,TCOC1137 - AGUA POTABLE Y ALCANTARILLADO
TEMD1125,TEMD1125 - BANCO DE SANGRE II
TEP1159,TEP1159 - DESARROLLO DE COMPETENCIAS EMOCIONALES (SERVICIO SOCIOCOMUNITARIO)
TSO1157,TSO1157 - TEORIAS SOCIALES CONTEMPORANEAS Y TRABAJO SOCIAL
TSO1181,TSO1181 - TALLER DE PRACTICA Y SISTEMATIZACION PROFESIONAL II
TSO1188,"TSO1188 - ESTUDIOS DE GÉNERO, FEMINISMOS Y TRABAJO SOCIAL"
TSO1192,TSO1192 - PRACTICA PROFESIONAL II
ADM1131,ADM1131 - CONTABILIDAD II
AGR1126,AGR1126 - ENTOMOLOGÍA AGROPECUARIA Y APICULTURA
APUB1156,APUB1156 - CALIDAD DEL SECTOR PÚBLICO
CPLT1157,CPLT1157 - SEMINARIO
DDO1048,DDO1048 - LA MUSICA POPULAR COMO REFLEJO DE LA DIVERSIDAD SOC.Y CULT.
DDO1069,DDO1069 - INFANCIA Y CULTURA: INCLUSION DESDE LA DIVERSIDAD
DDO1075,DDO1075 - ROL PROFESIONAL Y DESARROLLO DE CAPACIDADES LOCALES
DDO1076,DDO1076 - MIGRACIONES Y DERECHOS HUMANOS EN LA ARAUCANIA
DOCG1105,DOCG1105 - MECANICA DE FLUIDOS
EFI1155,EFI1155 - DIDACTICA DE LOS DEPORTES INDIVIDUALES
EFI1176,EFI1176 - PLANIFICACIÓN Y TECNIFICACIÓN DEPORTIVA
EMH1167,EMH1167 - DIDACTICA DE LAS CIENCIAS SOCIALES
EMH1199,EMH1199 - PRACTICA IV
EPA1163,EPA1163 - TALLER PEDAGOGICO IV
FIL1130,FIL1130 - SEMINARIO DE INVESTIGACIÓN II
FRN1123,FRN1123 - SIG Y MODELOS DE DATOS ESPACIALES
GEO1188,GEO1188 - TERMODINÁMICA
ICAM1131,ICAM1131 - MECÁNICA DE FLUIDOS
ICO1158,ICO1158 - SEMINARIO DE GRADO
ICOC1171,ICOC1171 - AGUA POTABLE Y ALCANTARILLADO
INFO1162,INFO1162 - PLANIFICACION ESTRATEGICA
IRNR1107,IRNR1107 - FORMULACION Y EVALUACION DE PROYECTOS DE RRNN
LEN1126,LEN1126 - HISTORIA CULTURAL DE LA LENGUA
MAT1125,MAT1125 - ESTADISTICA
OFIC1110,OFIC1110 - HISTORIA DE LOS OFICIOS COMPARADOS
PBM1159,PBM1159 - PENSAMIENTO ESPACIAL PARA EL APRENDIZAJE DE CHILE Y AMERICA
PCI1119,PCI1119 - SISTEMAS DE REPRESENTACION
PLC1126,PLC1126 - TALLER DE REFLEXION PARA LA ENSEÑANZA DE LA LENGUA Y LA LITERATURA
PMB1186,PMB1186 - TALLER DE IDENTIDAD PERSONAL Y PROFESIONAL
PSIC1143,PSIC1143 - TALLER DE INTEGRACION PROFESIONAL
TEMD1109,TEMD1109 - INMUNOLOGIA GENERAL
TRA1167,TRA1167 - TALLERES DE TRADUCCION IV:AREAS DE CS. SOCIALES Y HUMANIDAD.
TRT1156,TRT1156 - INTEGRACIÓN TECNOLÓGICA REDES Y TELECOMUNICACIONES
TUPA1119,TUPA1119 - ADMINISTRACIÓN DE PREDIOS
AMB1167,AMB1167 - ORDENAMIENTO TERRITORIAL
AMB1199,AMB1199 - GEOGRAFIA Y MEDIO AMBIENTE
ARQ1158,ARQ1158 - ARQUITECTURA Y LUGAR
CES1151,CES1151 - GESTION DE CALIDAD Y ACREDITACION EN SALUD
CPLT1137,CPLT1137 - INSTITUCIONES Y PROCESOS POLÍTICOS CHILENOS
CPLT1140,CPLT1140 - TEORÍA DEL ESTADO Y GOBIERNO
DDO1017,DDO1017 - RECREACION Y ECOLOGIA
DDO1051,DDO1051 - DEMANDAS INDÍGENAS EN AMÉRICA LATINA;DESAFÍOS DE LA GLOBALIZ
DDO1092,DDO1092 - LIDERAZGO UNIVERSITARIO: ACCIÓN DESDE EL ROL DEL ESTUDIANTE
DDO1123,DDO1123 - RESILIENCIA Y EQUIDAD DE GÉNERO
DISE1126,DISE1126 - DISEÑO UNIVERSAL
DISE1134,DISE1134 - OPTATIVO DE ESPECIALIDAD
EFI1148,EFI1148 - TEORIA Y METODOLOGIA DE LOS JUEGOS
FCRF1112,FCRF1112 - TEOLOGÍA DEL MUNDO
FIL1124,FIL1124 - FILOSOFIA DEL LENGUAJE
FIL1129,FIL1129 - FILOSOFÍA DE LA EDUCACIÓN
FIS1113,FIS1113 - FISICA III
GEO1184,GEO1184 - PRACTICA PROFESIONAL
ICAM1133,ICAM1133 - TERMODINAMICA I
ICO1118,ICO1118 - MICROECONOMÍA I
ICQ1110,ICQ1110 - FISICOQUIMICA
IET1448,IET1448 - ÉTICAS ANTE LA CRISIS MEDIOAMBIENTAL
INFO1165,INFO1165 - ESTADÍSTICA COMPUTACIONAL
LAV1162,LAV1162 - ARTE MEDIEVAL
LAV1174,LAV1174 - RECURSOS DIGITALES II
LEN0189,LEN0189 - INGLÉS V
LEN1115,LEN1115 - INGLES TIC II
OCIV1103,OCIV1103 - TECNOLOGIA DEL HORMIGON
OFIC1109,OFIC1109 - COLOR Y TEXTURA
PBI1132,"PBI1132 - HISTORIA DE CHILE, AMÉRICA Y SU DIDÁCTICA"
PBI1133,"PBI1133 - CULTURA FÍSICA, EXPRESIÓN CORPORAL, MAPUN YEWMEWÜN Y SU DIDÁCTICA"
PBM1183,PBM1183 - DESARROLLO DE LA EXPRESION CORPORAL
PLC1123,PLC1123 - COMPRENSION Y PRODUCCION PARA EL APRENDIZAJE DE TEXTOS AUTENTICOS UTILIZANDO TIC´S
PRPA1113,PRPA1113 -  PROFESOR (A) DE RELIGIÓN Y SU LABOR PASTORAL II
PRPA1116,PRPA1116 - PROFESOR (A) DE RELIGIÓN COMO ACOMPAÑANTE II
PSIC1141,PSIC1141 - OPTATIVO PROFESIONALIZANTE
TEFL1172,TEFL1172 - PRACTICA III
TEMD1108,TEMD1108 - ENFERMERIA E IAAS
TSO1166,TSO1166 - TRABAJO SOCIAL Y COMUNIDADES I
ADM1113,ADM1113 - CONTABILIDAD I
ANT1122,ANT1122 - ANTROPOLOGÍA GENERAL II
APUB1138,APUB1138 - FORMULACION Y DISEÑO DE PROYECTOS SOCIALES EN CONTEXTO
APUB1139,APUB1139 - ANÁLISIS DE DATOS II
CONS1110,CONS1110 - TOPOGRAFÍA II
DDO1020,DDO1020 - EL TEATRO COMO ESTRATEGIA EN EL TRABAJO SOCIOCOMUNITARIO
DISI1163,DISI1163 - TALLER DE TÍTULO I
DISI1165,DISI1165 - FORMULACIÓN Y EVALUACIÓN DE PROYECTO
EFI1167,EFI1167 - PRACTICA CONTEXTO NO FORMAL
FIL1120,FIL1120 - PENSAMIENTO FILOSÓFICO EN CHILE Y AMERICA LATINA
FONO1112,"FONO1112 - SEMANTICA, PRAGMATICA Y DISCURSO"
ICI1125,ICI1125 - FINANZAS EMPRESARIALES
ICO1155,ICO1155 - FORMULACIÓN Y EVALUACIÓN DE PROYECTOS
ICOC1161,ICOC1161 - ANALISIS DE ESTRUCTURAS
ICQ1177,ICQ1177 - DISEÑO DE BIORREACTORES
IET1440,IET1440 - LA BIBLIA Y LOS ORÍGENES
IET1449,IET1449 - ESPIRITUALIDADES EN DIÁLOGO
IND1110,IND1110 - GESTIÓN Y ADMINISTRACIÓN INDUSTRIAL
INFO1170,INFO1170 - TALLER DE INTEGRACION I
INFO1189,INFO1189 - TOPICOS AVANZADOS DE DESARROLLO DE SOFTWARE II
IPR1113,IPR1113 - SEMINARIO DE TITULO
LAV1161,LAV1161 - MODULO II: OBJETO
LAV1164,LAV1164 - FOTOGRAFIA II
LAV1173,LAV1173 - ARTE CONTEMPORANEO EN CHILE
LEN1152,LEN1152 - INGLÉS BÁSICO
LEN1178,LEN1178 - COMPETENCIA LINGÜÍSTICA  AVANZADA II
MATE1122,MATE1122 - CÁLCULO I
PBI1115,PBI1115 - MAPU MAPUN KIMÜN MEW
PRPA1104,PRPA1104 - IDENTIDAD PERSONAL Y ESPIRITUAL II
PSIC1102,PSIC1102 - INTRODUCCION A LA PSICOLOGIA
PSIC1120,PSIC1120 - ELABORACION DE PROYECTOS PSICO-SOCIALES
TRAD1111,TRAD1111 - ESPAÑOL: COMPRENSIÓN DE TEXTOS	
AMB1120,AMB1120 - BIOECOLOGÍA Y BIOGEOGRAFÍA
AMB1163,AMB1163 - EVALUACION Y CERTIFICACION AMBIENTAL
APUB1113,APUB1113 - GESTION PUBLICA
APUB1133,APUB1133 - TEORÍA DE LA ORGANIZACIÓN
ARQ1155,ARQ1155 - TALLER IV
ARQ1176,ARQ1176 - EMPATIA REGENERATIVA
ARQ1179,ARQ1179 - TITULO 2
CAU1118,CAU1118 - TRIBUTACION I
CNB1125,CNB1125 - PRACTICA ENSEÑANZA APRENDIZAJE DE LA BIOLOGIA
DDO1016,DDO1016 - TRABAJO EN EQUIPO Y DEPORTE AVENTURA
DDO1060,DDO1060 - MANIFESTACIONES ARTISTICAS EN NUESTRA REALIDAD
DERE1110,DERE1110 - HISTORIA DEL DERECHO
DERE1119,DERE1119 - DERECHO CONSTITUCIONAL III
DERE1130,DERE1130 - DERECHO ADMINISTRATIVO II
DERE1910,DERE1910 - DISCUSIONES CONSTITUCIONALES ACTUALES
EDI1149,EDI1149 - HERRAMIENTAS DE ACCESO AL APRENDIZAJE
EDI1176,EDI1176 - PRACTICA VI
EFI1120,EFI1120 - CONDICION FISICA Y VIDA SALUDABLE
EFI1145,EFI1145 - DIVERSIDAD Y EDUCACION FISICA
EMH1176,EMH1176 - DIDACTICA DE LA HISTORIA
FCJ1164,FCJ1164 - SEMINARIO DE PREPARACION EXAMEN DE GRADO
FCRF1440,FCRF1440 - TEOLOGIA Y MIGRACION DESDE UNA PERSPECTIVA INTERDISCIPLINAR
FCRF1442,FCRF1442 - EL CUIDADO DE LA CASA COMÚN: ESPIRITUALIDAD Y ECOLOGÍA
FONO1117,FONO1117 - INTERVENCIÓN EN VOZ HABLADA
FONO1128,FONO1128 - INTERVENCIÓN EN ALTERACIONES DE LA DEGLUCIÓN II
GEO1179,GEO1179 - RECURSOS ENERGETICOS
ICG1147,ICG1147 - PROYECTO DE TITULO
ICO1115,ICO1115 - CONTROL ADMINISTRATIVO
IET1432,IET1432 - ETICA PARA EL TRABAJO
INFO1114,INFO1114 - TENDENCIAS TECNOLOGICAS
INFO1118,INFO1118 - DESARROLLO WEB
KINE1127,KINE1127 - REHABILITACION MUSCULO ESQUELETICA II
LEN1113,LEN1113 - INGLES TECNICO
MVET1121,MVET1121 - ICTIOPATOLOGÍA
MVET1132,MVET1132 - METODOLOGÍA DE LA INVESTIGACIÓN
PBI1134,PBI1134 - PRÁCTICA PEDAGÓGICA: REFLEXIÓN PEDAGÓGICA PERSPECTIVA INTERCULTURAL
PBM1118,PBM1118 - APRENDIZAJE Y ENSEÑANZA DE LA FISICA
PCE1123,PCE1123 - SEMINARIO DE ENSEÑANZA EN AULAS DIVERSAS
PMM1126,PMM1126 - PRACTICA II
PMM1156,PMM1156 - INTERNADO PEDAGOGICO II
QUI1144,QUI1144 - FUNDAMENTOS DE LA QUIMICA
SCLG1172,SCLG1172 - SOCIOLOGÍA DE LA ESTRATIFICACIÓN
TCOC1139,TCOC1139 - CONSTRUCCIÓN SISMO RESISTENTE
TEP1146,TEP1146 - CURRICULUM DE EDUCACIÓN PARVULARIA I
TRAD1141,TRAD1141 - TRADUCCIÓN CIENCIAS Y TECNOLOGÍAS IV
VET1154,VET1154 - PRACTICA SOCIAL INTEGRADA II
